model,accuracy,precision,recall,f1_score,roc_auc
KNN,0.6087,0.611731904108228,0.7105834838450733,0.6574039134557265,0.6507074740201622
MLP,0.6804,0.6853444704846999,0.7308317923798057,0.7067999914603311,0.7485445456727466
SVM,0.6591,0.6494556099734876,0.7707727702760815,0.704906215587146,0.7131708072318114
XGBoost,0.7053999999999999,0.7187429735622867,0.7268579240847453,0.7227282164912359,0.7786867194196114
