feature,score
feature_26,1856.3338372911792
feature_28,1828.9648993177982
feature_4,756.7475715923044
feature_27,392.7225085869109
feature_6,324.224645990798
feature_13,231.75675249916102
feature_18,144.60945952597166
feature_1,118.41214518917751
feature_23,82.03536316083601
feature_17,61.06420493110849
feature_10,39.24328503262125
feature_21,18.11734903065215
feature_14,15.0844641603853
feature_22,13.22575011121067
feature_24,8.852929438542754
